{"cameraMode":{"drawMode":0,"name":"Shaded","section":"Shading Mode"},"sceneLighting":false,"audioPlay":false,"sceneViewState":{"m_AlwaysRefresh":false,"showFog":true,"showSkybox":false,"showFlares":true,"showImageEffects":true,"showParticleSystems":true,"showVisualEffectGraphs":true,"m_FxEnabled":true},"in2DMode":false,"pivot":{"x":0.13571864366531373,"y":0.11868631839752197,"z":-0.48055538535118105},"rotation":{"x":-0.26605796813964846,"y":-0.21267639100551606,"z":0.06030716747045517,"w":-0.9382672309875488},"size":0.2604111135005951,"orthographic":false}